package	version	license	input bytes	licence/notice files
monaco-editor	0.55.1	MIT	10648702	LICENSE
@containerlab/clab-ui	0.3.2	Apache-2.0	2025458	LICENSE
elkjs	0.11.1	EPL-2.0	1607470	LICENSE.md
highlight.js	11.11.1	BSD-3-Clause	1572722	LICENSE
maplibre-gl	5.24.0	BSD-3-Clause	1126861	LICENSE.txt
@mui/material	7.3.11	MIT	1096482	LICENSE
@fontsource/roboto	5.2.10	OFL-1.1	929628	LICENSE
@mui/x-charts	8.29.3	MIT	680404	LICENSE
react-dom	19.2.5	MIT	545403	LICENSE
yaml	2.9.0	ISC	279703	LICENSE
@xyflow/react	12.10.2	MIT	243237	LICENSE
ajv	8.20.0	MIT	210751	LICENSE
@mui/system	7.3.11	MIT	178949	LICENSE
markdown-it	14.1.1	MIT	165711	LICENSE
@xyflow/system	0.0.76	MIT	149790	LICENSE
@mui/x-internal-gestures	0.5.0	MIT	130891	LICENSE
dompurify	3.4.13	(MPL-2.0 OR Apache-2.0)	121978	LICENSE,LICENSE-MPL
entities	4.5.0	BSD-2-Clause	107555	LICENSE
monaco-languageserver-types	0.4.1	MIT	77846	LICENSE.md
@popperjs/core	2.11.8	MIT	70495	LICENSE.md
d3-shape	3.2.0	ISC	61847	LICENSE
markdown-it-emoji	3.0.0	MIT	60801	LICENSE
react-transition-group	4.4.5	BSD-3-Clause	56857	LICENSE
fast-uri	3.1.8	BSD-3-Clause	50466	LICENSE
@mui/utils	7.3.11	MIT	44201	LICENSE
@mui/icons-material	7.3.11	MIT	41802	LICENSE
d3-array	3.2.4	ISC	41499	LICENSE
d3-scale	4.0.2	ISC	33500	LICENSE
d3-selection	3.0.0	ISC	30630	LICENSE
@mui/x-internals	8.29.3	MIT	28410	LICENSE
d3-transition	3.0.1	ISC	28113	LICENSE
stylis	4.2.0	MIT	24105	LICENSE
linkify-it	5.0.2	MIT	23380	LICENSE
d3-time-format	4.1.0	ISC	20335	LICENSE
react	19.2.5	MIT	18589	LICENSE
reselect	5.3.0	MIT	18189	LICENSE
d3-force	3.0.0	ISC	18126	LICENSE
d3-zoom	3.0.0	ISC	17868	LICENSE
d3-color	3.1.0	ISC	17104	LICENSE
d3-interpolate	3.0.1	ISC	16901	LICENSE
mdurl	2.1.0	MIT	15472	LICENSE
d3-time	3.1.0	ISC	14271	LICENSE
@emotion/cache	11.14.0	MIT	13539	LICENSE
d3-format	3.1.2	ISC	13170	LICENSE
@emotion/react	11.14.0	MIT	12905	LICENSE
punycode.js	2.3.1	MIT	12780	LICENSE-MIT.txt
d3-quadtree	3.0.1	ISC	11766	LICENSE
vscode-uri	3.2.0	MIT	10516	LICENSE.md
scheduler	0.27.0	MIT	10375	LICENSE
d3-drag	3.0.0	ISC	8006	LICENSE
@mui/styled-engine	7.3.10	MIT	7620	LICENSE
@emotion/styled	11.14.1	MIT	7396	LICENSE
monaco-yaml	5.4.1	MIT	7257	LICENSE.md
@emotion/serialize	1.3.3	MIT	6463	LICENSE
d3-ease	3.0.1	BSD-3-Clause	5713	LICENSE
uc.micro	2.1.0	MIT	5412	LICENSE.txt
use-sync-external-store	1.7.0	MIT	5148	LICENSE
react-is	19.3.0	MIT	4677	LICENSE
flatqueue	3.1.0	ISC	4615	LICENSE
d3-path	3.1.0	ISC	4586	LICENSE
@emotion/is-prop-valid	1.4.0	MIT	4558	LICENSE
zustand	4.5.7	MIT	4129	LICENSE
d3-timer	3.0.1	ISC	3856	LICENSE
@mui/private-theming	7.3.11	MIT	3827	LICENSE
@emotion/sheet	1.4.0	MIT	3711	LICENSE
bezier-easing	2.1.0	MIT	3430	LICENSE
monaco-marker-data-provider	1.2.5	MIT	3345	LICENSE.md
d3-dispatch	3.0.1	ISC	2794	LICENSE
react-is	16.13.1	MIT	2750	LICENSE
hoist-non-react-statics	3.3.2	BSD-3-Clause	2743	LICENSE.md
prop-types	15.8.1	MIT	2663	LICENSE
json-schema-traverse	1.0.0	MIT	2428	LICENSE
@emotion/utils	1.4.2	MIT	1759	LICENSE
@emotion/hash	0.9.2	MIT	1655	LICENSE
monaco-worker-manager	2.0.1	MIT	1641	LICENSE.md
dom-helpers	5.2.1	MIT	1609	LICENSE
internmap	2.0.3	ISC	1575	LICENSE
@mui/x-charts-vendor	8.29.0	MIT AND ISC	1442	NONE IN PACKAGE
@babel/runtime	7.29.7	MIT	1257	LICENSE
fast-deep-equal	3.1.3	MIT	1177	LICENSE
@emotion/unitless	0.10.0	MIT	936	LICENSE
@emotion/use-insertion-effect-with-fallbacks	1.2.0	MIT	472	LICENSE
@emotion/weak-memoize	0.4.0	MIT	422	LICENSE
classcat	5.0.5	MIT	410	LICENSE.md
clsx	2.1.1	MIT	388	license
@emotion/memoize	0.9.0	MIT	202	LICENSE
